system_id,source_label,source_type,source_file,wsol_status,entanglement_density,G_experimental_Pa,G_experimental_MPa,G_model_MPa,G_model_Pa,relative_error,f,r,M_w_bifunctional_kg_mol,n_beads_bifunctional,M_w_monofunctional_kg_mol,n_beads_monofunctional,M_w_crosslink_kg_mol,n_beads_crosslink,b2,p,w_sol_experimental,w_sol_model,original_group_id,original_row_index
SYS_0143,Aoyama et al. (2021),Experimental,all-structures-r-aoyama-wsol-aoyama-w-wsol.csv,present,0.060763175470133574,640.0,0.00064,0.0006317351932455,631.7351932455,0.01291376055390625,4.0,0.549,13.5,51,,,,,,,0.638,0.6353210010173999,0.549,0
SYS_0144,Aoyama et al. (2021),Experimental,all-structures-r-aoyama-wsol-aoyama-w-wsol.csv,present,0.060763175470133574,6060.0,0.00606,0.00408161854266021,4081.6185426602096,0.3264655870197674,4.0,0.628,13.5,51,,,,,,,0.458,0.45151888373543275,0.628,1
SYS_0137,Cai et al. (2015),Experimental,all-structures-w-wsol-bimono-corrected-no-primary-loops.csv,present,0.060763175470133574,8940.0,0.00894,0.0028275544527852003,2827.5544527852003,0.6837187412991946,300.0,1.0,17.2,66,,18.093513690529036,,190.4580388476741,,,0.2199999999999999,0.23206212075142446,,0
SYS_0138,Cai et al. (2015),Experimental,all-structures-w-wsol-bimono-corrected-no-primary-loops.csv,present,0.060763175470133574,11800.0,0.0118,0.0104592462689021,10459.246268902101,0.11362319755066938,300.0,1.0,17.2,66,,18.093513690529036,,190.4580388476741,,,0.0,0.00046360068614200004,,1
SYS_0139,Cai et al. (2015),Experimental,all-structures-w-wsol-bimono-corrected-no-primary-loops.csv,present,0.060763175470133574,34700.0,0.0347,0.02463067694379128,24630.676943791277,0.2901822206400208,300.0,1.0,17.2,66,,18.093513690529036,,190.4580388476741,,,0.144,0.1439806091239998,,2
SYS_0140,Cai et al. (2015),Experimental,all-structures-w-wsol-bimono-corrected-no-primary-loops.csv,present,0.060763175470133574,84100.0,0.0841,0.1144827126857646,114482.71268576459,0.3612688785465469,300.0,1.0,17.2,66,,18.093513690529036,,190.4580388476741,,,0.0,0.0,,3
SYS_0141,Cai et al. (2015),Experimental,all-structures-w-wsol-bimono-corrected-no-primary-loops.csv,present,0.060763175470133574,20400.0,0.0204,0.012248431013174691,12248.431013174692,0.3995867150404563,300.0,1.0,17.2,66,,18.093513690529036,,190.4580388476741,,,0.197,0.19698103580236417,,4
SYS_0142,Cai et al. (2015),Experimental,all-structures-w-wsol-bimono-corrected-no-primary-loops.csv,present,0.060763175470133574,132000.0,0.132,0.1127887021839546,112788.7021839546,0.14554013497004087,300.0,1.0,17.2,66,,18.093513690529036,,190.4580388476741,,,0.062,0.0619873840263119,,5
SYS_0075,Chambon et al. (1987),Experimental,all-structures-r-division-corrected-p-max-w-wsol.csv,present,0.060763175470133574,153845.4284304904,0.1538454284304904,0.13953452434972768,139534.5243497277,0.0930213151392313,4.0,1.0527571598525929,12.18,46,,,,,,1.0,,0.04677538012351315,1.0,0
SYS_0076,Chambon et al. (1987),Experimental,all-structures-r-division-corrected-p-max-w-wsol.csv,present,0.060763175470133574,199424.60029596908,0.1994246002959691,0.16469143588562388,164691.43588562388,0.17416689996518575,4.0,1.097553318051239,12.18,46,,,,,,1.0,,0.033159241551628874,2.0,1
SYS_0077,Chambon et al. (1987),Experimental,all-structures-r-division-corrected-p-max-w-wsol.csv,present,0.060763175470133574,286886.22580738703,0.28688622580738704,0.23255926004730756,232559.26004730756,0.18936763383179692,4.0,1.1970739633810121,12.18,46,,,,,,1.0,,0.01166395745642832,3.0,2
SYS_0078,Chambon et al. (1987),Experimental,all-structures-r-division-corrected-p-max-w-wsol.csv,present,0.060763175470133574,324955.7496445461,0.32495574964454604,0.31246806845943254,312468.0684594325,0.038428866695767804,4.0,1.285511418042534,12.18,46,,,,,,1.0,,0.00152147862249382,4.0,3
SYS_0079,Chambon et al. (1987),Experimental,all-structures-r-division-corrected-p-max-w-wsol.csv,present,0.060763175470133574,336534.10904448194,0.33653410904448194,0.29448805405824585,294488.05405824585,0.12493846494673913,4.0,1.329140527522264,12.18,46,,,,,,1.0,,5.9999483875402324e-05,5.0,4
SYS_0080,Chambon et al. (1987),Experimental,all-structures-r-division-corrected-p-max-w-wsol.csv,present,0.060763175470133574,321153.1207381822,0.3211531207381822,0.29789171308162454,297891.71308162453,0.07243089403300981,4.0,1.410449467544894,12.18,46,,,,,,1.0,,5.523270807900557e-05,6.0,5
SYS_0081,Chambon et al. (1987),Experimental,all-structures-r-division-corrected-p-max-w-wsol.csv,present,0.060763175470133574,301945.56480863504,0.30194556480863505,0.28165055325756294,281650.5532575629,0.06721414028364535,4.0,1.50159591445898,12.18,46,,,,,,1.0,,0.00021201651180583047,7.0,6
SYS_0001,Gottlieb et al. (1981),Experimental,all-structures-r-gottlieb-wsol-gottlieb-without-wsol.csv,removed,0.060763175470133574,66900.0,0.0669,0.12649313514349486,126493.13514349486,0.8907792996038095,3.0,1.0,32.9,125,,,,,,,0.03,0.0,1.0,0
SYS_0002,Gottlieb et al. (1981),Experimental,all-structures-r-gottlieb-wsol-gottlieb-without-wsol.csv,removed,0.060763175470133574,94699.99999999999,0.09469999999999998,0.11651875739956255,116518.75739956256,0.23039870538080862,3.0,1.0,25.6,98,,,,,,,0.029000000000000005,0.0,1.0,1
SYS_0003,Gottlieb et al. (1981),Experimental,all-structures-r-gottlieb-wsol-gottlieb-without-wsol.csv,removed,0.060763175470133574,127000.0,0.127,0.1289844884819616,128984.48848196158,0.015625893558752626,3.0,1.0,18.5,70,,,,,,,0.03,0.0,1.0,2
SYS_0004,Gottlieb et al. (1981),Experimental,all-structures-r-gottlieb-wsol-gottlieb-without-wsol.csv,removed,0.060763175470133574,150000.0,0.15,0.20831394191494707,208313.94191494706,0.38875961276631377,3.0,1.0,9.5,36,,,,,,,0.011,0.0,1.0,3
SYS_0005,Gottlieb et al. (1981),Experimental,all-structures-r-gottlieb-wsol-gottlieb-without-wsol.csv,removed,0.060763175470133574,159000.0,0.159,0.19302192174532568,193021.92174532567,0.21397435059953251,3.0,1.0,4.7,18,,,,,,,0.03,0.0,1.0,4
SYS_0006,Gottlieb et al. (1981),Experimental,all-structures-r-gottlieb-wsol-gottlieb-without-wsol.csv,removed,0.060763175470133574,206999.99999999997,0.20699999999999996,0.24039879479583398,240398.794795834,0.16134683476248324,3.0,1.0,4.0,15,,,,,,,0.021,0.0,1.0,5
SYS_0007,Gottlieb et al. (1981),Experimental,all-structures-r-gottlieb-wsol-gottlieb-without-wsol.csv,removed,0.060763175470133574,192000.0,0.192,0.16480238845016607,164802.38845016607,0.14165422682205175,3.0,0.9800000000000001,11.6,44,,,,,,,0.021,0.0,1.0,6
SYS_0008,Gottlieb et al. (1981),Experimental,all-structures-r-gottlieb-wsol-gottlieb-without-wsol.csv,removed,0.060763175470133574,219000.0,0.219,0.15982254418445857,159822.54418445856,0.27021669322165043,3.0,0.9970000000000001,11.6,44,,,,,,,0.021,0.0,1.0,7
SYS_0009,Gottlieb et al. (1981),Experimental,all-structures-r-gottlieb-wsol-gottlieb-without-wsol.csv,removed,0.060763175470133574,168000.00000000003,0.16800000000000004,0.14423810559883082,144238.10559883082,0.14143984762600717,3.0,0.9960000000000001,21.6,82,,,,,,,0.018,0.0,1.0,8
SYS_0010,Gottlieb et al. (1981),Experimental,all-structures-r-gottlieb-wsol-gottlieb-without-wsol.csv,removed,0.060763175470133574,202999.99999999997,0.20299999999999996,0.18078114452960822,180781.14452960822,0.1094524900019298,3.0,1.01,15.200000000000001,58,,,,,,,0.0129,0.0,1.0,9
SYS_0011,Gottlieb et al. (1981),Experimental,all-structures-r-gottlieb-wsol-gottlieb-without-wsol.csv,removed,0.060763175470133574,165000.0,0.165,0.16010032140284597,160100.32140284596,0.02969502180093356,3.0,1.0,11.1,42,,,,,,,0.028100000000000003,0.0,1.0,10
SYS_0012,Gottlieb et al. (1981),Experimental,all-structures-r-gottlieb-wsol-gottlieb-without-wsol.csv,removed,0.060763175470133574,210000.0,0.21,0.19324972018994452,193249.72018994452,0.07976323719074038,3.0,1.0,8.8,34,,,,,,,0.0173,0.0,1.0,11
SYS_0013,Gottlieb et al. (1981),Experimental,all-structures-r-gottlieb-wsol-gottlieb-without-wsol.csv,removed,0.060763175470133574,52700.0,0.0527,0.06301902525498781,63019.02525498781,0.19580693083468337,3.0,0.99,39.9,152,,,,,,,0.10300000000000001,0.0,1.0,12
SYS_0014,Gottlieb et al. (1981),Experimental,all-structures-r-gottlieb-wsol-gottlieb-without-wsol.csv,removed,0.060763175470133574,112000.00000000001,0.11200000000000002,0.12972247676798782,129722.47676798781,0.15823639971417675,3.0,1.09,30.0,114,,,,,,,0.0325,0.0,1.0,13
SYS_0015,Gottlieb et al. (1981),Experimental,all-structures-r-gottlieb-wsol-gottlieb-without-wsol.csv,removed,0.060763175470133574,62200.0,0.0622,0.07284918764320411,72849.18764320412,0.17120880455312085,3.0,0.998,22.400000000000002,85,,,,,,,0.073,0.0,1.0,14
SYS_0016,Gottlieb et al. (1981),Experimental,all-structures-r-gottlieb-wsol-gottlieb-without-wsol.csv,removed,0.060763175470133574,193000.00000000003,0.19300000000000003,0.21442632524077743,214426.32524077743,0.11101722922682589,3.0,1.11,11.4,43,,,,,,,0.007299999999999999,0.0,1.0,15
SYS_0017,Gottlieb et al. (1981),Experimental,all-structures-r-gottlieb-wsol-gottlieb-without-wsol.csv,removed,0.060763175470133574,192000.0,0.192,0.21499307720308067,214993.07720308067,0.11975561043271182,3.0,1.21,11.4,43,,,,,,,0.006,0.0,1.0,16
SYS_0018,Gottlieb et al. (1981),Experimental,all-structures-r-gottlieb-wsol-gottlieb-without-wsol.csv,removed,0.060763175470133574,221000.0,0.221,0.16539875877189827,165398.75877189828,0.25158932682398966,3.0,1.31,11.4,43,,,,,,,0.004,0.0,1.0,17
SYS_0019,Gottlieb et al. (1981),Experimental,all-structures-r-gottlieb-wsol-gottlieb-without-wsol.csv,removed,0.060763175470133574,62000.0,0.062,0.07441532281049777,74415.32281049778,0.20024714210480282,3.0,0.986,5.43,21,,,,,,,0.119,0.0,1.0,18
SYS_0020,Gottlieb et al. (1981),Experimental,all-structures-r-gottlieb-wsol-gottlieb-without-wsol.csv,removed,0.060763175470133574,169000.0,0.169,0.22164491257093233,221644.91257093233,0.3115083584078836,3.0,1.15,4.19,16,,,,,,,0.025500000000000002,0.0,1.0,19
SYS_0021,Gottlieb et al. (1981),Experimental,all-structures-r-gottlieb-wsol-gottlieb-without-wsol.csv,removed,0.060763175470133574,296000.0,0.296,0.3484935359661088,348493.53596610884,0.17734302691252987,3.0,1.1,3.2800000000000002,12,,,,,,,0.0091,0.0,1.0,20
SYS_0022,Gottlieb et al. (1981),Experimental,all-structures-r-gottlieb-wsol-gottlieb-without-wsol.csv,removed,0.060763175470133574,68000.0,0.068,0.07772556417102175,77725.56417102175,0.14302300251502567,4.0,1.0,54.0,206,,,,,,,0.075,0.0,1.0,21
SYS_0023,Gottlieb et al. (1981),Experimental,all-structures-r-gottlieb-wsol-gottlieb-without-wsol.csv,removed,0.060763175470133574,100000.0,0.1,0.1037173025076487,103717.3025076487,0.037173025076486954,4.0,1.0,32.9,125,,,,,,,0.046,0.0,1.0,22
SYS_0024,Gottlieb et al. (1981),Experimental,all-structures-r-gottlieb-wsol-gottlieb-without-wsol.csv,removed,0.060763175470133574,140000.0,0.14,0.135838089794264,135838.089794264,0.029727930040971427,4.0,1.0,25.6,98,,,,,,,0.017,0.0,1.0,23
SYS_0025,Gottlieb et al. (1981),Experimental,all-structures-r-gottlieb-wsol-gottlieb-without-wsol.csv,removed,0.060763175470133574,129000.0,0.129,0.08500793882634795,85007.93882634795,0.3410237300283105,4.0,1.0,18.5,70,,,,,,,0.06,0.0,1.0,24
SYS_0026,Gottlieb et al. (1981),Experimental,all-structures-r-gottlieb-wsol-gottlieb-without-wsol.csv,removed,0.060763175470133574,217000.0,0.217,0.152258884642415,152258.88464241498,0.29834615372158996,4.0,1.0,9.5,36,,,,,,,0.03,0.0,1.0,25
SYS_0027,Gottlieb et al. (1981),Experimental,all-structures-r-gottlieb-wsol-gottlieb-without-wsol.csv,removed,0.060763175470133574,384000.0,0.384,0.20840368810739002,208403.68810739001,0.4572820622203385,4.0,1.0,4.7,18,,,,,,,0.034,0.0,1.0,26
SYS_0028,Gottlieb et al. (1981),Experimental,all-structures-r-gottlieb-wsol-gottlieb-without-wsol.csv,removed,0.060763175470133574,416000.0,0.416,0.3353449701796683,335344.9701796683,0.19388228322195125,4.0,1.0,4.0,15,,,,,,,0.012,0.0,1.0,27
SYS_0029,Gottlieb et al. (1981),Experimental,all-structures-r-gottlieb-wsol-gottlieb-without-wsol.csv,removed,0.060763175470133574,135000.0,0.135,0.07959091420585147,79590.91420585147,0.41043767254924834,4.0,1.0,18.5,70,,,,,,,0.075,0.0,1.0,28
SYS_0030,Gottlieb et al. (1981),Experimental,all-structures-r-gottlieb-wsol-gottlieb-without-wsol.csv,removed,0.060763175470133574,178000.0,0.178,0.08059454861660084,80594.54861660085,0.5472216369853885,4.0,1.21,33.4,127,,,,,,,0.075,0.0,1.0,29
SYS_0031,Gottlieb et al. (1981),Experimental,all-structures-r-gottlieb-wsol-gottlieb-without-wsol.csv,removed,0.060763175470133574,254999.99999999997,0.25499999999999995,0.10124144901877115,101241.44901877115,0.6029747097303092,4.0,1.0,11.6,44,,,,,,,0.075,0.0,1.0,30
SYS_0032,Gottlieb et al. (1981),Experimental,all-structures-r-gottlieb-wsol-gottlieb-without-wsol.csv,removed,0.060763175470133574,259000.0,0.259,0.09978269243382945,99782.69243382945,0.6147386392516238,4.0,1.0,11.6,44,,,,,,,0.075,0.0,1.0,31
SYS_0033,Gottlieb et al. (1981),Experimental,all-structures-r-gottlieb-wsol-gottlieb-without-wsol.csv,removed,0.060763175470133574,161000.0,0.161,0.09744966004674041,97449.6600467404,0.39472260840533907,4.0,1.56,11.6,44,,,,,,,0.075,0.0,1.0,32
SYS_0034,Gottlieb et al. (1981),Experimental,all-structures-r-gottlieb-wsol-gottlieb-without-wsol.csv,removed,0.060763175470133574,279000.0,0.279,0.23581916914167378,235819.16914167377,0.1547700030764381,4.0,1.0,11.3,43,,,,,,,0.005,0.0,1.0,33
SYS_0035,Gottlieb et al. (1981),Experimental,all-structures-r-gottlieb-wsol-gottlieb-without-wsol.csv,removed,0.060763175470133574,284000.0,0.284,0.22892737875586663,228927.37875586664,0.19391768043708932,4.0,1.0,11.3,43,,,0.32873,,,,0.006,0.0,1.0,34
SYS_0036,Gottlieb et al. (1981),Experimental,all-structures-r-gottlieb-wsol-gottlieb-without-wsol.csv,removed,0.060763175470133574,275000.0,0.275,0.24708926094534128,247089.2609453413,0.10149359656239532,4.0,1.0,11.3,43,,,,,,,0.004,0.0,1.0,35
SYS_0037,Gottlieb et al. (1981),Experimental,all-structures-r-gottlieb-wsol-gottlieb-without-wsol.csv,removed,0.060763175470133574,275000.0,0.275,0.24815208100934072,248152.0810093407,0.09762879632967016,4.0,1.33,11.3,43,,,,,,,0.003,0.0,1.0,36
SYS_0038,Gottlieb et al. (1981),Experimental,all-structures-r-gottlieb-wsol-gottlieb-without-wsol.csv,removed,0.060763175470133574,276000.0,0.276,0.2383917946163699,238391.79461636988,0.1362616137088048,4.0,1.33,11.3,43,,,,,,,0.005,0.0,1.0,37
SYS_0039,Gottlieb et al. (1981),Experimental,all-structures-r-gottlieb-wsol-gottlieb-without-wsol.csv,removed,0.060763175470133574,285000.0,0.285,0.2557371615001336,255737.1615001336,0.1026766263153207,4.0,1.33,11.3,43,,,,,,,0.004,0.0,1.0,38
SYS_0040,Gottlieb et al. (1981),Experimental,all-structures-r-gottlieb-wsol-gottlieb-without-wsol.csv,removed,0.060763175470133574,240000.0,0.24,0.20134171192367809,201341.71192367809,0.16107620031800798,4.0,1.12,21.6,82,,,,,,,0.0049,0.0,1.0,39
SYS_0041,Gottlieb et al. (1981),Experimental,all-structures-r-gottlieb-wsol-gottlieb-without-wsol.csv,removed,0.060763175470133574,258000.0,0.258,0.18496470880569776,184964.70880569777,0.28308252400892336,4.0,1.0,15.200000000000001,58,,,,,,,0.0081,0.0,1.0,40
SYS_0042,Gottlieb et al. (1981),Experimental,all-structures-r-gottlieb-wsol-gottlieb-without-wsol.csv,removed,0.060763175470133574,294000.0,0.294,0.2714121030934891,271412.10309348913,0.07682958131466282,4.0,1.1,11.1,42,,,,,,,0.0012,0.0,1.0,41
SYS_0043,Gottlieb et al. (1981),Experimental,all-structures-r-gottlieb-wsol-gottlieb-without-wsol.csv,removed,0.060763175470133574,328000.0,0.328,0.2520223716608957,252022.3716608957,0.2316391107899521,4.0,1.01,8.8,34,,,,,,,0.0049,0.0,1.0,42
SYS_0044,Gottlieb et al. (1981),Experimental,all-structures-r-gottlieb-wsol-gottlieb-without-wsol.csv,removed,0.060763175470133574,146000.0,0.146,0.11379360848189879,113793.60848189879,0.22059172272672065,4.0,1.1,29.2,111,,,,,,,0.0288,0.0,1.0,43
SYS_0045,Gottlieb et al. (1981),Experimental,all-structures-r-gottlieb-wsol-gottlieb-without-wsol.csv,removed,0.060763175470133574,206000.0,0.206,0.18176728519038352,181767.28519038353,0.11763453791075959,4.0,0.9730000000000001,21.6,82,,,,,,,0.0059,0.0,1.0,44
SYS_0046,Gottlieb et al. (1981),Experimental,all-structures-r-gottlieb-wsol-gottlieb-without-wsol.csv,removed,0.060763175470133574,229999.99999999997,0.22999999999999998,0.2049315578636866,204931.5578636866,0.10899322667962331,4.0,0.9730000000000001,21.6,82,,,,,,,0.0048,0.0,1.0,45
SYS_0047,Gottlieb et al. (1981),Experimental,all-structures-r-gottlieb-wsol-gottlieb-without-wsol.csv,removed,0.060763175470133574,225000.0,0.225,0.18849100821756135,188491.00821756135,0.16226218569972733,4.0,1.1,21.0,80,,,,,,,0.0062,0.0,1.0,46
SYS_0048,Gottlieb et al. (1981),Experimental,all-structures-r-gottlieb-wsol-gottlieb-without-wsol.csv,removed,0.060763175470133574,307000.0,0.307,0.23859778084659516,238597.78084659515,0.22280853144431545,4.0,1.2,11.6,44,,,,,,,0.0041,0.0,1.0,47
SYS_0049,Gottlieb et al. (1981),Experimental,all-structures-r-gottlieb-wsol-gottlieb-without-wsol.csv,removed,0.060763175470133574,293000.0,0.293,0.23138638372658898,231386.38372658897,0.21028537977273387,4.0,1.2,11.6,44,,,,,,,0.0048,0.0,1.0,48
SYS_0050,Gottlieb et al. (1981),Experimental,all-structures-r-gottlieb-wsol-gottlieb-without-wsol.csv,removed,0.060763175470133574,274000.0,0.274,0.21300602152391557,213006.02152391558,0.22260576086162198,4.0,1.2,11.6,44,,,,,,,0.0072,0.0,1.0,49
SYS_0051,Gottlieb et al. (1981),Experimental,all-structures-r-gottlieb-wsol-gottlieb-without-wsol.csv,removed,0.060763175470133574,241000.0,0.241,0.2167934191873991,216793.41918739912,0.10044224403568829,4.0,1.25,11.4,43,,,,,,,0.0077,0.0,1.0,50
SYS_0052,Gottlieb et al. (1981),Experimental,all-structures-r-gottlieb-wsol-gottlieb-without-wsol.csv,removed,0.060763175470133574,500000.0,0.5,0.4965785868855631,496578.5868855631,0.006842826228873804,4.0,1.2,3.0100000000000002,11,,,,,,,0.0015,0.0,1.0,51
SYS_0053,Gottlieb et al. (1981),Experimental,all-structures-r-gottlieb-wsol-gottlieb-without-wsol.csv,removed,0.060763175470133574,890000.0,0.89,0.6212946470989137,621294.6470989137,0.3019161268551532,4.0,1.2,1.8,7,,,,,,,0.0056,0.0,1.0,52
SYS_0054,Gottlieb et al. (1981),Experimental,all-structures-r-gottlieb-wsol-gottlieb-without-wsol.csv,removed,0.060763175470133574,146000.0,0.146,0.13678337612541627,136783.37612541628,0.06312756078481999,4.0,1.2,30.0,114,,,,,,,0.0242,0.0,1.0,53
SYS_0055,Gottlieb et al. (1981),Experimental,all-structures-r-gottlieb-wsol-gottlieb-without-wsol.csv,removed,0.060763175470133574,176000.00000000003,0.17600000000000002,0.15156783971815432,151567.8397181543,0.13881909251048702,4.0,1.11,22.400000000000002,85,,,,,,,0.0161,0.0,1.0,54
SYS_0056,Gottlieb et al. (1981),Experimental,all-structures-r-gottlieb-wsol-gottlieb-without-wsol.csv,removed,0.060763175470133574,291000.0,0.291,0.26813874785001196,268138.747850012,0.07856100395184888,4.0,1.1,11.4,43,,,,,,,0.0025,0.0,1.0,55
SYS_0057,Gottlieb et al. (1981),Experimental,all-structures-r-gottlieb-wsol-gottlieb-without-wsol.csv,removed,0.060763175470133574,303000.0,0.303,0.2867334432174881,286733.4432174881,0.05368500588287749,4.0,1.18,11.4,43,,,,,,,0.0014,0.0,1.0,56
SYS_0058,Gottlieb et al. (1981),Experimental,all-structures-r-gottlieb-wsol-gottlieb-without-wsol.csv,removed,0.060763175470133574,295000.0,0.295,0.2528296914761088,252829.6914761088,0.14295019838607187,4.0,1.17,11.4,43,,,,,,,0.004,0.0,1.0,57
SYS_0059,Gottlieb et al. (1981),Experimental,all-structures-r-gottlieb-wsol-gottlieb-without-wsol.csv,removed,0.060763175470133574,461000.00000000006,0.4610000000000001,0.37619317018799736,376193.17018799734,0.1839627544728909,4.0,1.2,4.19,16,,,,,,,0.0041,0.0,1.0,58
SYS_0145,Gusev et al. (2022),Molecular Dynamics,available-structures-fabians-md-lj-md.csv,present,0.0134315193414221,131704.162,0.131704162,0.1207206505108412,120720.6505108412,0.08339532572371415,3.0,1.0,3.05995,12,,,,,,0.85,,0.1034514165702284,1.0_0.85_3.0_18.0,0
SYS_0146,Gusev et al. (2022),Molecular Dynamics,available-structures-fabians-md-lj-md.csv,present,0.0134315193414221,112598.21,0.11259821,0.1061746079188911,106174.60791889111,0.057048882758517175,3.0,1.0,4.670450000000001,18,,,,,,0.85,,0.0844444909607239,1.0_0.85_3.0_28.0,1
SYS_0147,Gusev et al. (2022),Molecular Dynamics,available-structures-fabians-md-lj-md.csv,present,0.0134315193414221,97655.27,0.09765527,0.0885275449244357,88527.5449244357,0.09346884275230925,3.0,1.0,6.280950000000001,24,,,,,,0.85,,0.0929515365329636,1.0_0.85_3.0_38.0,2
SYS_0148,Gusev et al. (2022),Molecular Dynamics,available-structures-fabians-md-lj-md.csv,present,0.0134315193414221,283129.421,0.283129421,0.289124016520019,289124.01652001904,0.021172633698209223,4.0,1.0,3.05995,12,,,,,,0.85,,0.0467819819819819,1.0_0.85_4.0_18.0,5
SYS_0149,Gusev et al. (2022),Molecular Dynamics,available-structures-fabians-md-lj-md.csv,present,0.0134315193414221,219402.156,0.219402156,0.2169236886997541,216923.6886997541,0.0112964582729346,4.0,1.0,4.670450000000001,18,,,,,,0.85,,0.0463356725146199,1.0_0.85_4.0_28.0,6
SYS_0150,Gusev et al. (2022),Molecular Dynamics,available-structures-fabians-md-lj-md.csv,present,0.0134315193414221,188167.55299999999,0.188167553,0.1863136756793502,186313.6756793502,0.009852268848124799,4.0,1.0,6.280950000000001,24,,,,,,0.85,,0.0394987012987012,1.0_0.85_4.0_38.0,7
SYS_0151,Gusev et al. (2022),Molecular Dynamics,available-structures-fabians-md-lj-md.csv,present,0.0134315193414221,245613.493,0.245613493,0.2324007029403092,232400.70294030922,0.05379504968682959,3.0,1.0,3.05995,12,,,,,,0.9,,0.0446330347320446,1.0_0.9_3.0_18.0,10
SYS_0152,Gusev et al. (2022),Molecular Dynamics,available-structures-fabians-md-lj-md.csv,present,0.0134315193414221,191047.379,0.191047379,0.1899289470631454,189928.9470631454,0.005854212409030663,3.0,1.0,4.670450000000001,18,,,,,,0.9,,0.0375211939798631,1.0_0.9_3.0_28.0,11
SYS_0153,Gusev et al. (2022),Molecular Dynamics,available-structures-fabians-md-lj-md.csv,present,0.0134315193414221,181743.37900000002,0.181743379,0.1747273478856131,174727.3478856131,0.038604053435074066,3.0,1.0,6.280950000000001,24,,,,,,0.9,,0.0339827086156891,1.0_0.9_3.0_38.0,12
SYS_0154,Gusev et al. (2022),Molecular Dynamics,available-structures-fabians-md-lj-md.csv,present,0.0134315193414221,396366.149,0.396366149,0.4006432453023381,400643.2453023381,0.010790770889817131,4.0,1.0,3.05995,12,,,,,,0.9,,0.0254612612612612,1.0_0.9_4.0_18.0,15
SYS_0155,Gusev et al. (2022),Molecular Dynamics,available-structures-fabians-md-lj-md.csv,present,0.0134315193414221,300198.93600000005,0.300198936,0.3049300154166576,304930.0154166576,0.01575981407428294,4.0,1.0,4.670450000000001,18,,,,,,0.9,,0.0220269005847953,1.0_0.9_4.0_28.0,16
SYS_0156,Gusev et al. (2022),Molecular Dynamics,available-structures-fabians-md-lj-md.csv,present,0.0134315193414221,264064.235,0.264064235,0.2724165974864642,272416.5974864642,0.031630040646981994,4.0,1.0,6.280950000000001,24,,,,,,0.9,,0.0192787878787878,1.0_0.9_4.0_38.0,17
SYS_0157,Gusev et al. (2022),Molecular Dynamics,available-structures-fabians-md-lj-md.csv,present,0.0134315193414221,376675.097,0.376675097,0.3649485745689553,364948.5745689553,0.031131663665688848,3.0,1.0,3.05995,12,,,,,,0.95,,0.0165570128441415,1.0_0.95_3.0_18.0,20
SYS_0158,Gusev et al. (2022),Molecular Dynamics,available-structures-fabians-md-lj-md.csv,present,0.0134315193414221,307303.092,0.307303092,0.3013509616363303,301350.9616363303,0.019368924422243406,3.0,1.0,4.670450000000001,18,,,,,,0.95,,0.0104347644066732,1.0_0.95_3.0_28.0,21
SYS_0159,Gusev et al. (2022),Molecular Dynamics,available-structures-fabians-md-lj-md.csv,present,0.0134315193414221,274550.913,0.274550913,0.2674097245231578,267409.7245231578,0.026010434271774532,3.0,1.0,6.280950000000001,24,,,,,,0.95,,0.0106424435547003,1.0_0.95_3.0_38.0,22
SYS_0160,Gusev et al. (2022),Molecular Dynamics,available-structures-fabians-md-lj-md.csv,present,0.0134315193414221,237929.33,0.23792933,0.2255781346109041,225578.1346109041,0.051911193080297825,3.0,1.0,12.72295,48,,,,,,0.95,,0.0069621368916552,1.0_0.95_3.0_78.0,23
SYS_0161,Gusev et al. (2022),Molecular Dynamics,available-structures-fabians-md-lj-md.csv,present,0.0134315193414221,543131.327,0.543131327,0.532461535385957,532461.535385957,0.019644957091644724,4.0,1.0,3.05995,12,,,,,,0.95,,0.0107603603603603,1.0_0.95_4.0_18.0,25
SYS_0162,Gusev et al. (2022),Molecular Dynamics,available-structures-fabians-md-lj-md.csv,present,0.0134315193414221,409007.338,0.409007338,0.4135778188526651,413577.8188526651,0.011174569324389698,4.0,1.0,4.670450000000001,18,,,,,,0.95,,0.0080631578947368,1.0_0.95_4.0_28.0,26
SYS_0163,Gusev et al. (2022),Molecular Dynamics,available-structures-fabians-md-lj-md.csv,present,0.0134315193414221,355352.436,0.355352436,0.3613417437113264,361341.7437113264,0.01685455650380402,4.0,1.0,6.280950000000001,24,,,,,,0.95,,0.0074155844155844,1.0_0.95_4.0_38.0,27
SYS_0164,Gusev et al. (2022),Molecular Dynamics,available-structures-fabians-md-lj-md.csv,present,0.0134315193414221,268494.317,0.268494317,0.272474699293215,272474.699293215,0.014824828836935948,4.0,1.0,12.72295,48,,,,,,0.95,,0.0052696390658174,1.0_0.95_4.0_78.0,28
SYS_0165,Gusev et al. (2022),Molecular Dynamics,available-structures-fabians-md-lj-md.csv,present,0.0134315193414221,476038.584,0.476038584,0.4467879948094571,446787.9948094571,0.06144583689994102,3.0,1.0,3.05995,12,,,,,,0.98,,0.0072935865015073,1.0_0.98_3.0_18.0,30
SYS_0166,Gusev et al. (2022),Molecular Dynamics,available-structures-fabians-md-lj-md.csv,present,0.0134315193414221,395385.181,0.395385181,0.3768092189816579,376809.21898165793,0.04698193789499169,3.0,1.0,4.670450000000001,18,,,,,,0.98,,0.0042097232979111,1.0_0.98_3.0_28.0,31
SYS_0167,Gusev et al. (2022),Molecular Dynamics,available-structures-fabians-md-lj-md.csv,present,0.0134315193414221,349583.12000000005,0.3495831200000001,0.3347885880413228,334788.5880413228,0.04232049865187221,3.0,1.0,6.280950000000001,24,,,,,,0.98,,0.0027132023547182,1.0_0.98_3.0_38.0,32
SYS_0168,Gusev et al. (2022),Molecular Dynamics,available-structures-fabians-md-lj-md.csv,present,0.0134315193414221,282452.776,0.282452776,0.2800214420615985,280021.44206159853,0.008607930758667719,3.0,1.0,12.72295,48,,,,,,0.98,,0.0024498212533117,1.0_0.98_3.0_78.0,33
SYS_0169,Gusev et al. (2022),Molecular Dynamics,available-structures-fabians-md-lj-md.csv,present,0.0134315193414221,247588.60799999998,0.247588608,0.2459827194465512,245982.7194465512,0.006486116491469503,3.0,1.0,25.60695,98,,,,,,0.98,,0.0017285341979575,1.0_0.98_3.0_158.0,34
SYS_0170,Gusev et al. (2022),Molecular Dynamics,available-structures-fabians-md-lj-md.csv,present,0.0134315193414221,646983.23,0.64698323,0.6334753901591937,633475.3901591938,0.020878191604450407,4.0,1.0,3.05995,12,,,,,,0.98,,0.0038522522522522,1.0_0.98_4.0_18.0,35
SYS_0171,Gusev et al. (2022),Molecular Dynamics,available-structures-fabians-md-lj-md.csv,present,0.0134315193414221,502392.24299999996,0.502392243,0.4869231094247552,486923.1094247552,0.0307909482894718,4.0,1.0,4.670450000000001,18,,,,,,0.98,,0.0027017543859648,1.0_0.98_4.0_28.0,36
SYS_0172,Gusev et al. (2022),Molecular Dynamics,available-structures-fabians-md-lj-md.csv,present,0.0134315193414221,425371.392,0.425371392,0.426098596701286,426098.59670128603,0.0017095759493060646,4.0,1.0,6.280950000000001,24,,,,,,0.98,,0.002864935064935,1.0_0.98_4.0_38.0,37
SYS_0173,Gusev et al. (2022),Molecular Dynamics,available-structures-fabians-md-lj-md.csv,present,0.0134315193414221,311695.925,0.311695925,0.3213441229342742,321344.1229342742,0.030953878958392585,4.0,1.0,12.72295,48,,,,,,0.98,,0.0016891719745223,1.0_0.98_4.0_78.0,38
SYS_0174,Gusev et al. (2022),Molecular Dynamics,available-structures-fabians-md-lj-md.csv,present,0.0134315193414221,269016.165,0.269016165,0.2695536385179857,269553.6385179857,0.0019979227567448353,4.0,1.0,25.60695,98,,,,,,0.98,,0.0015949526813879,1.0_0.98_4.0_158.0,39
SYS_0128,Larsen et al. (2003),Experimental,all-structures-r-division-corrected-p-max-without-wsol-xlink-1-bead.csv,removed,0.060763175470133574,158000.0,0.158,0.24068507135299502,240685.07135299503,0.5233232364113609,8.0,2.92,22.0,84,,,2.0,8.0,,,,0.0,0.0_0.0_1.0,0
SYS_0129,Larsen et al. (2003),Experimental,all-structures-r-division-corrected-p-max-without-wsol-xlink-1-bead.csv,removed,0.060763175470133574,165999.99999999997,0.16599999999999998,0.26669198645249503,266691.98645249504,0.6065782316415367,8.0,2.2,22.0,84,,,2.0,8.0,,,,0.0,1.0_1.0_1.0,1
SYS_0130,Larsen et al. (2003),Experimental,all-structures-r-division-corrected-p-max-without-wsol-xlink-1-bead.csv,removed,0.060763175470133574,172000.0,0.172,0.2303401267306322,230340.1267306322,0.33918678331762914,8.0,1.7600000000000002,22.0,84,,,2.0,8.0,,,,0.0,2.0_2.0_1.0,2
SYS_0131,Larsen et al. (2003),Experimental,all-structures-r-division-corrected-p-max-without-wsol-xlink-1-bead.csv,removed,0.060763175470133574,180000.0,0.18,0.24020141312939894,240201.41312939895,0.3344522951633275,8.0,1.47,22.0,84,,,2.0,8.0,,,,0.0,3.0_3.0_1.0,3
SYS_0132,Larsen et al. (2003),Experimental,all-structures-r-division-corrected-p-max-without-wsol-xlink-1-bead.csv,removed,0.060763175470133574,177000.0,0.177,0.21608966597220833,216089.66597220834,0.2208455704644539,8.0,1.33,22.0,84,,,2.0,8.0,,,,0.0,4.0_4.0_1.0,4
SYS_0133,Larsen et al. (2003),Experimental,all-structures-r-division-corrected-p-max-without-wsol-xlink-1-bead.csv,removed,0.060763175470133574,173999.99999999997,0.17399999999999996,0.16575635262706875,165756.35262706876,0.047377283752478246,8.0,1.26,22.0,84,,,2.0,8.0,,,,0.0,5.0_5.0_1.0,5
SYS_0134,Larsen et al. (2003),Experimental,all-structures-r-division-corrected-p-max-without-wsol-xlink-1-bead.csv,removed,0.060763175470133574,107000.0,0.107,0.11444638971038015,114446.38971038016,0.06959242719981455,8.0,1.1,22.0,84,,,2.0,8.0,,,,0.0,6.0_6.0_1.0,6
SYS_0135,Larsen et al. (2003),Experimental,all-structures-r-division-corrected-p-max-without-wsol-xlink-1-bead.csv,removed,0.060763175470133574,73000.0,0.073,0.08816254036678091,88162.54036678092,0.20770603242165636,8.0,1.01,22.0,84,,,2.0,8.0,,,,0.0,7.0_7.0_1.0,7
SYS_0136,Larsen et al. (2003),Experimental,all-structures-r-division-corrected-p-max-without-wsol-xlink-1-bead.csv,removed,0.060763175470133574,30000.0,0.03,0.05645679329738094,56456.79329738094,0.8818931099126979,8.0,0.8800000000000001,22.0,84,,,2.0,8.0,,,,0.0,8.0_8.0_1.0,8
SYS_0060,Oppermann et al. (1987),Experimental,all-structures-r-oppermann-p-1-w-wsol.csv,present,0.060763175470133574,851180.37812979,0.85118037812979,0.9695912099659015,969591.2099659016,0.13911367658202295,4.0,1.0,1.9972203616878796,8,,,,,,1.0,0.015,0.0,1.0,0
SYS_0061,Oppermann et al. (1987),Experimental,all-structures-r-oppermann-p-1-w-wsol.csv,present,0.060763175470133574,432197.240674501,0.432197240674501,0.5655710522084199,565571.0522084199,0.30859477799018664,4.0,1.0,4.552442748091612,17,,,,,,1.0,0.015,0.0,1.0,1
SYS_0062,Oppermann et al. (1987),Experimental,all-structures-r-oppermann-p-1-w-wsol.csv,present,0.060763175470133574,231001.53295861,0.23100153295861,0.4238665109930054,423866.51099300536,0.8349077842221599,4.0,1.0,7.5874045801527,29,,,,,,1.0,0.015,0.0,1.0,2
SYS_0063,Oppermann et al. (1987),Experimental,all-structures-r-oppermann-p-1-w-wsol.csv,present,0.060763175470133574,290684.721512519,0.290684721512519,0.35025142212741694,350251.42212741694,0.20491858087674747,4.0,1.0,11.084944237918226,42,,,,,,1.0,0.015,0.0,1.0,3
SYS_0064,Oppermann et al. (1987),Experimental,all-structures-r-oppermann-p-1-w-wsol.csv,present,0.060763175470133574,322151.251916198,0.322151251916198,0.3373751811384103,337375.1811384103,0.04725708539593858,4.0,1.0,13.252666666666668,50,,,,,,1.0,0.015,0.0,1.0,4
SYS_0065,Oppermann et al. (1987),Experimental,all-structures-r-oppermann-p-1-w-wsol.csv,present,0.060763175470133574,342677.567705672,0.342677567705672,0.3146078722766324,314607.8722766324,0.08191284774481894,4.0,1.0,13.252666666666668,50,,,,,,1.0,0.015,0.0,1.0,5
SYS_0066,Oppermann et al. (1987),Experimental,all-structures-r-oppermann-p-1-w-wsol.csv,present,0.060763175470133574,279371.48696985096,0.279371486969851,0.2669548590053196,266954.8590053196,0.04444486478991084,4.0,1.0,17.855389221556884,68,,,,,,1.0,0.015,0.0,1.0,6
SYS_0067,Oppermann et al. (1987),Experimental,all-structures-r-oppermann-p-1-w-wsol.csv,present,0.060763175470133574,290424.118548799,0.290424118548799,0.2562007280016919,256200.72800169192,0.11783935410776376,4.0,1.0,17.855389221556884,68,,,,,,1.0,0.015,0.0,1.0,7
SYS_0068,Oppermann et al. (1987),Experimental,all-structures-r-oppermann-p-1-w-wsol.csv,present,0.060763175470133574,271415.431783341,0.271415431783341,0.25590930098545667,255909.30098545668,0.0571306159565097,4.0,1.0,20.852097902097928,79,,,,,,1.0,0.015,0.0,1.0,8
SYS_0069,Oppermann et al. (1987),Experimental,all-structures-r-oppermann-p-1-w-wsol.csv,present,0.060763175470133574,279299.948901379,0.279299948901379,0.2744827047761299,274482.7047761299,0.017247565365470473,4.0,1.0,21.452158273381308,82,,,,,,1.0,0.015,0.0,1.0,9
SYS_0070,Oppermann et al. (1987),Experimental,all-structures-r-oppermann-p-1-w-wsol.csv,present,0.060763175470133574,255579.969340827,0.255579969340827,0.2706996948973804,270699.69489738037,0.05915849194109011,4.0,1.0,23.854800000000033,91,,,,,,1.0,0.015,0.0,1.0,10
SYS_0071,Oppermann et al. (1987),Experimental,all-structures-r-oppermann-p-1-w-wsol.csv,present,0.060763175470133574,282416.964741952,0.282416964741952,0.27580201257769255,275802.01257769257,0.023422644494121004,4.0,1.0,24.2426829268293,92,,,,,,1.0,0.015,0.0,1.0,11
SYS_0072,Oppermann et al. (1987),Experimental,all-structures-r-oppermann-p-1-w-wsol.csv,present,0.060763175470133574,312370.975983648,0.312370975983648,0.25318876941227936,253188.76941227936,0.18946128520745376,4.0,1.0,28.39857142857147,108,,,,,,1.0,0.015,0.0,1.0,12
SYS_0073,Oppermann et al. (1987),Experimental,all-structures-r-oppermann-p-1-w-wsol.csv,present,0.060763175470133574,72233.0097087381,0.0722330097087381,0.28873037469187796,288730.374691878,2.9972081442558247,4.0,1.0,58.46764705882367,223,,,,,,1.0,0.015,0.0,1.0,13
SYS_0074,Oppermann et al. (1987),Experimental,all-structures-r-oppermann-p-1-w-wsol.csv,present,0.060763175470133574,151180.37812978998,0.15118037812979,0.24346543181735175,243465.43181735175,0.6104301023002737,4.0,1.0,58.46764705882367,223,,,,,,1.0,0.015,0.0,1.0,14
SYS_0082,Patel et al. (1992),Experimental,all-structures-r-1-p-1.csv,present,0.060763175470133574,750746.0876435286,0.7507460876435286,0.7883178637139425,788317.8637139425,0.05004591657393201,4.0,1.44,2.46,9,0.0,0.0,,,1.0,1.0,0.0037399999999999994,0.029483157894736788,1.0_1.0,0
SYS_0083,Patel et al. (1992),Experimental,all-structures-r-1-p-1.csv,present,0.060763175470133574,203667.7505092345,0.2036677505092345,0.2664966160292265,266496.61602922645,0.3084870597475531,4.0,1.6800000000000002,28.2,107,0.0,0.0,,,1.0,1.0,0.0055,0.00012939534883718784,1.0_1.0,1
SYS_0084,Patel et al. (1992),Experimental,all-structures-r-1-p-1.csv,present,0.060763175470133574,196730.16290064744,0.19673016290064743,0.24523177358453546,245231.77358453546,0.24653876136107444,4.0,1.95,53.5,204,0.0,0.0,,,1.0,1.0,0.00236,0.0,1.0_1.0,2
SYS_0085,Patel et al. (1992),Experimental,all-structures-r-1-p-1.csv,present,0.060763175470133574,183846.07162755716,0.18384607162755717,0.23804473446599025,238044.73446599024,0.29480457405818783,4.0,1.61,58.0,221,0.0,0.0,,,1.0,1.0,0.0263,0.0,1.0_1.0,3
SYS_0086,Patel et al. (1992),Experimental,all-structures-r-1-p-1.csv,present,0.060763175470133574,455898.61427857843,0.4558986142785784,0.44105115213027235,441051.15213027236,0.03256746496543085,4.0,1.51,6.16,23,0.0,0.0,,,1.0,1.0,0.00281,0.01035957446808505,1.0_1.0,4
SYS_0087,Patel et al. (1992),Experimental,all-structures-r-1-p-1.csv,present,0.060763175470133574,369178.76917124016,0.36917876917124015,0.36736941312073085,367369.41312073084,0.004901029532578744,4.0,1.72,8.35,32,0.0,0.0,,,1.0,1.0,0.0045,0.00572123076923072,1.0_1.0,5
SYS_0088,Patel et al. (1992),Experimental,all-structures-r-1-p-1.csv,present,0.060763175470133574,381567.31847228843,0.3815673184722884,0.3603964580271516,360396.4580271516,0.055483945873300446,4.0,1.61,8.35,32,0.0,0.0,,,1.0,1.0,0.00436,0.00612543589743584,1.0_1.0,6
SYS_0089,Patel et al. (1992),Experimental,all-structures-r-1-p-1.csv,present,0.060763175470133574,386522.73819270777,0.38652273819270777,0.33054782738153016,330547.82738153014,0.1448166052866736,4.0,1.8199999999999998,10.3,39,0.0,0.0,,,1.0,1.0,0.0035299999999999,0.0038053164556961297,1.0_1.0,7
SYS_0090,Patel et al. (1992),Experimental,all-structures-r-1-p-1.csv,present,0.060763175470133574,369178.76917124016,0.36917876917124015,0.34222010197282465,342220.10197282466,0.07302334112802399,4.0,1.46,10.9,42,0.0,0.0,,,1.0,1.0,0.00556,0.00327490196078428,1.0_1.0,8
SYS_0091,Patel et al. (1992),Experimental,all-structures-r-1-p-1.csv,present,0.060763175470133574,183846.07162755716,0.18384607162755717,0.2707349113241437,270734.9113241437,0.47261733104969184,4.0,1.53,16.8,64,0.0,0.0,,,1.0,1.0,0.0278,0.00101545219638238,1.0_1.0,9
SYS_0092,Patel et al. (1992),Experimental,all-structures-r-1-p-1.csv,present,0.060763175470133574,322102.2818272565,0.3221022818272565,0.26909014819880855,269090.14819880854,0.16458167675098423,4.0,1.69,18.5,70,0.0,0.0,,,1.0,1.0,0.00259,0.00081092198581556,1.0_1.0,10
SYS_0093,Patel et al. (1992),Experimental,all-structures-r-1-p-1.csv,present,0.060763175470133574,252726.40574138585,0.25272640574138583,0.2564844203607265,256484.4203607265,0.014869893030434735,4.0,1.69,18.5,70,0.0,0.0,,,1.0,1.0,0.0121,0.00077120567375882,1.0_1.0,11
SYS_0094,Patel et al. (1992),Experimental,all-structures-r-1-p-1.csv,present,0.060763175470133574,265114.95504243416,0.26511495504243415,0.26189248132166004,261892.48132166005,0.012155005440030063,4.0,2.06,19.8,75,0.0,0.0,,,1.0,1.0,0.00254,0.00070860927152312,1.0_1.0,12
SYS_0095,Patel et al. (1992),Experimental,all-structures-r-1-p-1.csv,present,0.060763175470133574,270070.3747628535,0.2700703747628535,0.30042364608050426,300423.64608050423,0.11239022919231215,4.0,2.05,19.8,75,0.0,0.0,,,1.0,1.0,0.00573,0.00053642384105953,1.0_1.0,13
SYS_0096,Patel et al. (1992),Experimental,all-structures-r-1-p-1.csv,present,0.060763175470133574,203667.7505092345,0.2036677505092345,0.25987934667414153,259879.34667414153,0.27599654841947274,4.0,1.7100000000000002,20.1,77,0.0,0.0,,,1.0,1.0,0.0113999999999999,0.00055638709677414,1.0_1.0,14
SYS_0097,Patel et al. (1992),Experimental,all-structures-r-1-p-1.csv,present,0.060763175470133574,29236.97635047405,0.02923697635047405,0.03784352470578024,37843.52470578024,0.2943720394385667,4.0,1.44,58.0,221,71.2,271.0,,,0.6824769433465085,1.0,0.278,0.5683546589864441,1.0_1.0,15
SYS_0098,Patel et al. (1992),Experimental,all-structures-r-1-p-1.csv,present,0.060763175470133574,11025.808877933012,0.011025808877933013,0.010472138403073119,10472.138403073119,0.050215859987198394,4.0,1.42,58.0,221,71.2,271.0,,,0.548621190130624,1.0,0.396,0.7700181690460723,1.0_1.0,16
SYS_0099,Patel et al. (1992),Experimental,all-structures-r-1-p-1.csv,present,0.060763175470133574,203667.7505092345,0.2036677505092345,0.25685685217291915,256856.85217291914,0.2611562288614417,4.0,1.64,20.1,77,19.8,75.0,,,1.0,1.0,0.0113999999999999,0.00052989247311824,1.0_1.0,17
SYS_0100,Patel et al. (1992),Experimental,all-structures-r-1-p-1.csv,present,0.060763175470133574,164024.39274587986,0.16402439274587985,0.2514820323270475,251482.03232704752,0.5331989841088104,4.0,1.64,20.1,77,19.8,75.0,,,0.973832734735762,1.0,0.0252,0.05142081798798213,1.0_1.0,18
SYS_0101,Patel et al. (1992),Experimental,all-structures-r-1-p-1.csv,present,0.060763175470133574,141972.7749900138,0.1419727749900138,0.1736736936397665,173673.6936397665,0.2232887161075954,4.0,1.65,20.1,77,19.8,75.0,,,0.9212513484358145,1.0,0.0436,0.1455598605693848,1.0_1.0,19
SYS_0102,Patel et al. (1992),Experimental,all-structures-r-1-p-1.csv,present,0.060763175470133574,89197.55496754796,0.08919755496754796,0.12074924022468045,120749.24022468046,0.35372814051474505,4.0,1.64,20.1,77,19.8,75.0,,,0.8262910798122064,1.0,0.0774,0.29791758856756123,1.0_1.0,20
SYS_0103,Patel et al. (1992),Experimental,all-structures-r-1-p-1.csv,present,0.060763175470133574,71853.58594608029,0.0718535859460803,0.06295874641877895,62958.74641877895,0.12379117075626708,4.0,1.65,20.1,77,19.8,75.0,,,0.7138263665594855,1.0,0.118,0.4680113641315241,1.0_1.0,21
SYS_0104,Patel et al. (1992),Experimental,all-structures-r-1-p-1.csv,present,0.060763175470133574,42121.06762356431,0.04212106762356431,0.0249553091805155,24955.3091805155,0.4075337927437897,4.0,1.65,20.1,77,19.8,75.0,,,0.5754985754985755,1.0,0.189,0.6926789129759232,1.0_1.0,22
SYS_0105,Sharaf et al. (1996),Experimental,all-structures-r-sharaf-wsol-sharaf-without-wsol.csv,removed,0.060763175470133574,37000.0,0.037,0.10455142467847667,104551.42467847667,1.8257141804993695,4.0,0.85,23.5,90,,,,,,,0.0441,0.0,0.85,0
SYS_0106,Sharaf et al. (1996),Experimental,all-structures-r-sharaf-wsol-sharaf-without-wsol.csv,removed,0.060763175470133574,129000.0,0.129,0.10392827580715398,103928.27580715399,0.19435445110733343,4.0,0.977,23.5,90,,,,,,,0.0374,0.0,0.977,1
SYS_0107,Sharaf et al. (1996),Experimental,all-structures-r-sharaf-wsol-sharaf-without-wsol.csv,removed,0.060763175470133574,124000.0,0.124,0.13944158991449998,139441.5899145,0.12452895092338698,4.0,1.097,23.5,90,,,,,,,0.014000000000000002,0.0,1.097,2
SYS_0108,Sharaf et al. (1996),Experimental,all-structures-r-sharaf-wsol-sharaf-without-wsol.csv,removed,0.060763175470133574,76000.0,0.076,0.07722595429230378,77225.95429230378,0.016130977530312902,4.0,1.19,23.5,90,,,,,,,0.0858,0.0,1.19,3
SYS_0109,Sharaf et al. (1996),Experimental,all-structures-r-sharaf-wsol-sharaf-without-wsol.csv,removed,0.060763175470133574,55000.00000000001,0.05500000000000001,0.05436416548224963,54364.16548224963,0.011560627595461448,4.0,1.26,23.5,90,,,,,,,0.127,0.0,1.26,4
SYS_0110,Sharaf et al. (1996),Experimental,all-structures-r-sharaf-wsol-sharaf-without-wsol.csv,removed,0.060763175470133574,69000.0,0.069,0.0850981482528883,85098.1482528883,0.2333064964186711,4.0,1.077,15.9,61,,,,,,,0.0704,0.0,1.077,5
SYS_0111,Sharaf et al. (1996),Experimental,all-structures-r-sharaf-wsol-sharaf-without-wsol.csv,removed,0.060763175470133574,144000.0,0.144,0.0947871089412219,94787.1089412219,0.34175618790818124,4.0,1.028,15.9,61,,,,,,,0.059699999999999996,0.0,1.028,6
SYS_0112,Sharaf et al. (1996),Experimental,all-structures-r-sharaf-wsol-sharaf-without-wsol.csv,removed,0.060763175470133574,35000.0,0.035,0.04482380773526145,44823.80773526145,0.28068022100747,4.0,1.216,15.9,61,,,,,,,0.139,0.0,1.216,7
SYS_0113,Sharaf et al. (1996),Experimental,all-structures-r-sharaf-wsol-sharaf-without-wsol.csv,removed,0.060763175470133574,151000.0,0.151,0.16557423532267748,165574.23532267747,0.09651811471971836,4.0,0.836,10.8,41,,,,,,1.0,0.0239,0.0,0.836,8
SYS_0114,Sharaf et al. (1996),Experimental,all-structures-r-sharaf-wsol-sharaf-without-wsol.csv,removed,0.060763175470133574,161000.0,0.161,0.18334355189555057,183343.55189555057,0.13877982543820228,4.0,0.923,10.8,41,,,,,,0.9800000000000001,0.0184,0.0,0.923,9
SYS_0115,Sharaf et al. (1996),Experimental,all-structures-r-sharaf-wsol-sharaf-without-wsol.csv,removed,0.060763175470133574,150000.0,0.15,0.10478129444497164,104781.29444497165,0.30145803703352236,4.0,1.036,10.8,41,,,,,,0.792,0.0687,0.0,1.036,10
SYS_0116,Sharaf et al. (1996),Experimental,all-structures-r-sharaf-wsol-sharaf-without-wsol.csv,removed,0.060763175470133574,228000.00000000003,0.22800000000000004,0.14508484435559033,145084.84435559032,0.3636629633526741,4.0,1.06,10.8,41,,,,,,0.821,0.0317,0.0,1.06,11
SYS_0117,Sharaf et al. (1996),Experimental,all-structures-r-sharaf-wsol-sharaf-without-wsol.csv,removed,0.060763175470133574,109000.00000000001,0.10900000000000001,0.08615626965279605,86156.26965279605,0.2095755077725134,4.0,1.2,10.8,41,,,,,,0.686,0.0898,0.0,1.2,12
SYS_0118,Sharaf et al. (1996),Experimental,all-structures-r-sharaf-wsol-sharaf-without-wsol.csv,removed,0.060763175470133574,246000.0,0.246,0.20956044224297332,209560.4422429733,0.14812828356514915,4.0,0.99,7.5,29,,,,,,0.924,0.014000000000000002,0.0,0.99,13
SYS_0119,Sharaf et al. (1996),Experimental,all-structures-r-sharaf-wsol-sharaf-without-wsol.csv,removed,0.060763175470133574,253000.0,0.253,0.22940351198616696,229403.51198616697,0.09326675104281831,4.0,1.004,7.5,29,,,,,,0.925,0.0124,0.0,1.004,14
SYS_0120,Sharaf et al. (1996),Experimental,all-structures-r-sharaf-wsol-sharaf-without-wsol.csv,removed,0.060763175470133574,187000.0,0.187,0.18776354508607002,187763.54508607002,0.004083128802513487,4.0,1.09,7.5,29,,,,,,0.845,0.0189,0.0,1.09,15
SYS_0121,Sharaf et al. (1996),Experimental,all-structures-r-sharaf-wsol-sharaf-without-wsol.csv,removed,0.060763175470133574,145000.0,0.145,0.144167338425944,144167.338425944,0.005742493614179267,4.0,1.226,7.5,29,,,,,,0.726,0.0433,0.0,1.226,16
SYS_0122,Sharaf et al. (1996),Experimental,all-structures-r-sharaf-wsol-sharaf-without-wsol.csv,removed,0.060763175470133574,75000.0,0.075,0.07818169462942037,78181.69462942037,0.042422595058938216,4.0,1.42,7.5,29,,,,,,0.605,0.1072,0.0,1.42,17
SYS_0123,Sharaf et al. (1996),Experimental,all-structures-r-sharaf-wsol-sharaf-without-wsol.csv,removed,0.060763175470133574,220000.00000000003,0.22000000000000003,0.21948893068650452,219488.93068650452,0.002323042334070487,4.0,0.867,7.38,28,,,,,,1.0,0.0106,0.0,0.867,18
SYS_0124,Sharaf et al. (1996),Experimental,all-structures-r-sharaf-wsol-sharaf-without-wsol.csv,removed,0.060763175470133574,217000.0,0.217,0.2529273976082321,252927.39760823207,0.16556404427756716,4.0,0.9469999999999998,7.38,28,,,,,,0.998,0.0084,0.0,0.9469999999999998,19
SYS_0125,Sharaf et al. (1996),Experimental,all-structures-r-sharaf-wsol-sharaf-without-wsol.csv,removed,0.060763175470133574,223000.0,0.223,0.24252930687492058,242529.30687492058,0.08757536715211024,4.0,0.9869999999999999,7.38,28,,,,,,0.962,0.009,0.0,0.9869999999999999,20
SYS_0126,Sharaf et al. (1996),Experimental,all-structures-r-sharaf-wsol-sharaf-without-wsol.csv,removed,0.060763175470133574,218000.00000000003,0.21800000000000003,0.2798929722709108,279892.9722709108,0.28391271683904024,4.0,1.015,7.38,28,,,,,,0.942,0.0078,0.0,1.015,21
SYS_0127,Sharaf et al. (1996),Experimental,all-structures-r-sharaf-wsol-sharaf-without-wsol.csv,removed,0.060763175470133574,187000.0,0.187,0.23340656818421,233406.56818421,0.24816346622572186,4.0,1.142,7.38,28,,,,,,0.828,0.0106,0.0,1.142,22
SYS_0175,Tsimouri et al. (2024a),Experimental,all-structures-w-wsol.csv,present,0.060763175470133574,17000.0,0.017,0.01866732684013771,18667.32684013771,0.0980780494198653,5.1,1.0,28.0,107,15.0,57.0,50.0,190.0,0.42000000000000004,,0.31,0.30016500231654725,1.0,0
SYS_0176,Tsimouri et al. (2024b),Molecular Dynamics,all-structures-fabians-md-lj-no-wsol.csv,removed,0.0134315193414221,192200.0,0.1922,0.1876471906475079,187647.1906475079,0.02368787384231061,4.0,0.836,10.8,41,,,,,,,,0.2723335005436999,8.0,0
SYS_0177,Tsimouri et al. (2024b),Molecular Dynamics,all-structures-fabians-md-lj-no-wsol.csv,removed,0.0134315193414221,248300.0,0.2483,0.22992797959103758,229927.97959103758,0.07399122194507618,4.0,0.923,10.8,41,,,,,,,,0.19495127701340997,9.0,1
SYS_0178,Tsimouri et al. (2024b),Molecular Dynamics,all-structures-fabians-md-lj-no-wsol.csv,removed,0.0134315193414221,130399.99999999999,0.1304,0.11261731458587643,112617.31458587643,0.13637028691812542,4.0,1.036,10.8,41,,,,,,,,0.3967889576267715,10.0,2
SYS_0179,Tsimouri et al. (2024b),Molecular Dynamics,all-structures-fabians-md-lj-no-wsol.csv,removed,0.0134315193414221,177800.00000000003,0.17780000000000004,0.16249461799432388,162494.61799432387,0.08608201353023712,4.0,1.06,10.8,41,,,,,,,,0.30088914679199114,11.0,3
SYS_0180,Tsimouri et al. (2024b),Molecular Dynamics,all-structures-fabians-md-lj-no-wsol.csv,removed,0.0134315193414221,99300.0,0.0993,0.0848458250755007,84845.8250755007,0.1455606739627321,4.0,1.2,10.8,41,,,,,,,,0.46396081776832687,12.0,4
SYS_0181,Tsimouri et al. (2024b),Molecular Dynamics,all-structures-fabians-md-lj-no-wsol.csv,removed,0.0134315193414221,277100.0,0.2771,0.267919948384159,267919.948384159,0.03312902062735831,4.0,0.9899999999999999,7.5,29,,,,,,,,0.19240450322589683,13.0,5
SYS_0182,Tsimouri et al. (2024b),Molecular Dynamics,all-structures-fabians-md-lj-no-wsol.csv,removed,0.0134315193414221,295800.0,0.2958,0.2774151444840561,277415.1444840561,0.06215299363064198,4.0,1.004,7.5,29,,,,,,,,0.17328710523860483,14.0,6
SYS_0183,Tsimouri et al. (2024b),Molecular Dynamics,all-structures-fabians-md-lj-no-wsol.csv,removed,0.0134315193414221,265400.0,0.2654,0.24142108781479207,241421.08781479206,0.09035008359158983,4.0,1.09,7.5,29,,,,,,,,0.21677051443814663,15.0,7
SYS_0184,Tsimouri et al. (2024b),Molecular Dynamics,all-structures-fabians-md-lj-no-wsol.csv,removed,0.0134315193414221,187400.0,0.1874,0.16133096724019527,161330.96724019528,0.13910903286982237,4.0,1.226,7.5,29,,,,,,,,0.33268017709372094,16.0,8
SYS_0185,Tsimouri et al. (2024b),Molecular Dynamics,all-structures-fabians-md-lj-no-wsol.csv,removed,0.0134315193414221,94100.0,0.0941,0.08248530772136613,82485.30772136613,0.12342924844456822,4.0,1.42,7.5,29,,,,,,,,0.49392271055816567,17.0,9
SYS_0186,Tsimouri et al. (2024b),Molecular Dynamics,all-structures-fabians-md-lj-no-wsol.csv,removed,0.0134315193414221,245600.0,0.2456,0.2495354957196936,249535.4957196936,0.016024005373345283,4.0,0.867,7.38,28,,,,,,,,0.2300501373232283,18.0,10
SYS_0187,Tsimouri et al. (2024b),Molecular Dynamics,all-structures-fabians-md-lj-no-wsol.csv,removed,0.0134315193414221,343700.0,0.3437,0.34894894823886125,348948.9482388612,0.015271888969628231,4.0,0.947,7.38,28,,,,,,,,0.1088833821604839,19.0,11
SYS_0188,Tsimouri et al. (2024b),Molecular Dynamics,all-structures-fabians-md-lj-no-wsol.csv,removed,0.0134315193414221,342300.0,0.3423,0.3182769064012203,318276.9064012203,0.0701814011065723,4.0,0.987,7.38,28,,,,,,,,0.1334132181687846,20.0,12
SYS_0189,Tsimouri et al. (2024b),Molecular Dynamics,all-structures-fabians-md-lj-no-wsol.csv,removed,0.0134315193414221,344200.0,0.3442,0.323290729373829,323290.72937382903,0.060747445166098105,4.0,1.015,7.38,28,,,,,,,,0.12422568350598384,21.0,13
SYS_0190,Tsimouri et al. (2024b),Molecular Dynamics,all-structures-fabians-md-lj-no-wsol.csv,removed,0.0134315193414221,280900.0,0.2809,0.26594309014983064,265943.0901498306,0.05324638608105867,4.0,1.142,7.38,28,,,,,,,,0.17961563601257366,22.0,14
